channel,team,solution,invalid_points,start_temp,temp_at_minus80,time_to_minus80_s,cooling_rate_to_minus80_k_per_min,controlled_start_index_s,controlled_end_index_s,controlled_end_temp,cooling_rate_controlled_k_per_min,nucleation_temp_est,time_to_nucleation_s,cooling_rate_to_nucleation_k_per_min,min_temp,time_at_min_s,thaw_start_index_s,thaw_start_temp,thaw_delta_temp_to_10_c,thaw_time_to_10_s,thaw_rate_to_10_k_per_min,thaw_rate_to_20_k_per_min
Crazy Cells-DMSO (°C),Crazy Cells,DMSO+FBS,0,6.84,-81.43,2861,-1.8511709192590007,300,2700,-31.73,-0.9315,-10.13,1368,-0.744298245614035,-188.09,3385,3893,-187.75,197.75,160.53768844221122,73.90787867405382,NA
Crazy Cells-PBS (°C),Crazy Cells,PBS only,0,6.84,-85.4,2860,-1.9351048951048955,300,2700,-32.01,-0.93875,-7.13,1153,-0.7269731136166522,-188.26,3085,3141,-187.97,197.97,187.73493975903602,63.27112052368121,64.89637703795495
Crazy Cells-Suc (°C),Crazy Cells,Sucrose+FBS,0,7.13,-80.14,2860,-1.8308391608391608,300,2700,-32.31,-0.95175,-9.96,1347,-0.7612472160356347,-187.91,3320,3426,-187.73,197.73,150.66666666666652,78.74203539823017,48.74622341725739
Cryo Masters- DMSO (°C),Cryo Masters,DMSO+FBS,0,6.07,-81.84,2832,-1.8624999999999998,300,2700,-33.44,-0.945,-9.75,1215,-0.7812345679012346,-190.72,3256,3892,-190.36,200.36,150.9787234042551,79.62446448703507,NA
Cryo Masters- PBS (°C),Cryo Masters,PBS only,0,5.77,-80,2824,-1.8223087818696881,300,2700,-34.48,-0.961,-8.23,1080,-0.7777777777777778,-190.24,3091,3141,-189.51,199.51,123.75609756097583,96.72735514387053,31.888888888888903
Cryo Masters- Suc (°C),Cryo Masters,Sucrose+FBS,217,7.06,-80.56,2831,-1.8570116566584247,300,2700,-32.31,-0.95275,-12.72,1561,-0.760281870595772,-190.92,3153,3426,-189.56,199.56,117.22938301771546,102.1382156228748,106.97766008591266
