team,solution,n,viability_median,viability_sd,recovery_median,recovery_sd
Crazy Cells,DMSO+FBS,3,85.39325714111328,4.01974779397433,56.15564106045937,3.331475174003856
Crazy Cells,PBS only,3,60,13.877772311706876,4.438979466563585,1.7062075164547728
Crazy Cells,Sucrose+FBS,3,76,3.7998872252345373,53.20040323880254,6.9829545384392855
Cryo Masters,DMSO+FBS,3,81.37255096435547,1.036787564167085,61.38241156996513,0.4265505211485246
Cryo Masters,PBS only,3,75,33.67876638442851,2.2225509577715883,1.1285501000816507
Cryo Masters,Sucrose+FBS,3,76.66666412353516,8.284755357762984,42.85707086300363,4.919236342094589
