team,solution,n,viability_median,viability_sd,recovery_median,recovery_sd
Crazy Cells,DMSO+FBS,3,85.39325714111328,4.01974779397433,18.71854702015312,1.1104917246679513
Crazy Cells,PBS only,3,60,13.877772311706876,1.4796598221878614,0.5687358388182575
Crazy Cells,Sucrose+FBS,3,76,3.7998872252345373,17.73346774626751,2.3276515128130946
Cryo Masters,DMSO+FBS,3,81.37255096435547,1.036787564167085,20.460803856655044,0.14218350704950752
Cryo Masters,PBS only,3,75,33.67876638442851,0.7408503192571962,0.3761833666938836
Cryo Masters,Sucrose+FBS,3,76.66666412353516,8.284755357762984,14.285690287667876,1.639745447364864
