team,solution,n,viability_median,viability_sd,recovery_median,recovery_sd
Crazy Cells,DMSO+FBS,3,85.39325714111328,4.01974779397433,6.239515673384374,0.3701639082226506
Crazy Cells,PBS only,3,60,13.877772311706876,0.4932199407292872,0.18957861293941922
Crazy Cells,Sucrose+FBS,3,76,3.7998872252345373,5.911155915422504,0.7758838376043649
Cryo Masters,DMSO+FBS,3,81.37255096435547,1.036787564167085,6.820267952218348,0.047394502349836005
Cryo Masters,PBS only,3,75,33.67876638442851,0.24695010641906537,0.12539445556462783
Cryo Masters,Sucrose+FBS,3,76.66666412353516,8.284755357762984,4.761896762555959,0.5465818157882877
